ÀÏÀÚ,°æº¹±Ã(À¯·á),°æº¹±Ã(¹«·á),°æº¹±Ã(³»±¹ÀÎ),°æº¹±Ã(¿µ¾î±Ç),°æº¹±Ã(ÀÏº»¾î±Ç),°æº¹±Ã(Áß±¹¾î±Ç),°æº¹±Ã(±âÅ¸¿Ü±¹ÀÎ),´ö¼ö±Ã(À¯·á),´ö¼ö±Ã(¹«·á),´ö¼ö±Ã(³»±¹ÀÎ),´ö¼ö±Ã(¿µ¾î±Ç),´ö¼ö±Ã(ÀÏº»¾î±Ç),´ö¼ö±Ã(Áß±¹¾î±Ç),´ö¼ö±Ã(±âÅ¸¿Ü±¹ÀÎ),Ã¢°æ±Ã(À¯·á),Ã¢°æ±Ã(¹«·á),Ã¢°æ±Ã(³»±¹ÀÎ),Ã¢°æ±Ã(¿µ¾î±Ç),Ã¢°æ±Ã(ÀÏº»¾î±Ç),Ã¢°æ±Ã(Áß±¹¾î±Ç),Ã¢°æ±Ã(±âÅ¸¿Ü±¹ÀÎ),Ã¢´ö±Ã(À¯·á),Ã¢´ö±Ã(¹«·á),Ã¢´ö±Ã(³»±¹ÀÎ),Ã¢´ö±Ã(¿µ¾î±Ç),Ã¢´ö±Ã(ÀÏº»¾î±Ç),Ã¢´ö±Ã(Áß±¹¾î±Ç),Ã¢´ö±Ã(±âÅ¸¿Ü±¹ÀÎ)
2020-01-01,11632,7526,13521,635,107,2957,1938,1660,2140,2888,329,119,234,230,882,512,1239,57,27,16,55,2628,1002,2118,858,113,51,490
2020-01-02,6908,4048,8242,274,64,1259,1117,1060,1973,2312,272,127,105,217,474,366,681,64,11,44,40,1437,725,1205,609,78,60,210
2020-01-03,5956,4509,8013,482,93,190,1687,1190,2518,2944,282,131,26,325,515,355,775,67,10,7,11,1626,583,1149,785,33,51,191
2020-01-04,7625,5376,10375,509,102,1036,979,1968,4019,5248,330,138,51,220,961,647,1432,79,20,16,61,2368,912,2235,525,71,136,313
2020-01-05,7068,4408,9232,227,105,1148,764,1536,3346,4204,261,99,54,264,806,462,1073,113,12,5,65,2158,669,1699,759,81,46,242
2020-01-06,3971,2166,4149,120,119,1149,600,0,0,0,0,0,0,0,0,0,0,0,0,0,0,0,0,0,0,0,0,0
2020-01-07,0,182,178,0,0,0,4,748,998,1117,87,30,353,159,212,160,268,33,7,60,4,893,386,541,307,29,23,379
2020-01-08,6552,3090,5301,191,118,2362,1670,603,2199,2429,140,43,50,140,240,275,460,24,0,3,28,796,516,802,281,38,36,155
2020-01-09,4985,3337,5577,491,142,1116,996,1024,2884,3344,211,42,78,233,486,345,729,76,1,3,22,1146,539,991,431,50,15,198
2020-01-10,6546,3805,7598,121,68,1978,586,879,3015,3455,194,55,105,85,425,353,688,66,0,2,22,1105,524,971,222,31,13,392
2020-01-11,6562,4864,9343,102,30,1012,939,1797,4618,5766,209,69,116,255,877,585,1370,68,1,1,22,2042,893,2270,393,48,51,173
2020-01-12,8461,4311,10206,307,81,354,1824,1489,3553,4399,244,100,147,152,781,463,1165,59,1,7,12,2124,761,2076,399,83,25,302
2020-01-13,5264,2803,4942,361,62,993,1709,0,0,0,0,0,0,0,0,0,0,0,0,0,0,0,0,0,0,0,0,0
2020-01-14,0,50,50,0,0,0,0,2047,2939,3263,171,67,871,614,452,435,745,61,26,35,20,2160,945,1618,508,76,118,785
2020-01-15,5963,3819,7884,228,9,366,1295,655,2628,2909,114,26,102,132,322,333,562,37,4,28,24,1116,445,896,450,32,44,139
2020-01-16,4791,3978,7314,266,53,568,568,877,2794,3146,154,47,76,248,379,319,653,31,5,5,4,1058,520,1082,336,34,11,115
2020-01-17,5658,3736,7668,43,11,1332,340,1107,3150,3619,168,51,215,204,392,375,676,48,12,12,19,1099,501,1017,306,30,55,192
2020-01-18,8936,5012,9754,451,68,2207,1468,1773,3997,5017,314,81,173,185,922,582,1391,55,14,14,30,2076,849,2064,602,55,52,152
2020-01-19,7627,4367,9773,327,92,1101,701,1581,3929,4642,188,62,293,325,595,386,898,62,8,7,6,1790,661,1582,613,28,41,187
2020-01-20,5908,3682,7634,181,120,790,865,0,0,0,0,0,0,0,0,0,0,0,0,0,0,0,0,0,0,0,0,0
2020-01-21,0,7,7,0,0,0,0,1536,3127,3571,132,57,531,372,461,409,732,96,10,21,11,1644,1367,1980,433,102,93,403
2020-01-22,4411,2577,4280,223,145,1655,685,821,2501,2785,196,33,114,194,323,386,601,66,10,13,19,666,354,599,278,18,22,103
2020-01-23,4384,2073,4183,220,90,976,988,888,2627,2963,135,18,188,211,310,311,591,16,1,3,10,624,362,629,266,13,27,51
2020-01-24,0,19951,11030,803,411,4225,3482,0,6484,5306,298,48,352,480,0,3534,3154,0,0,0,380,619,6083,5231,594,281,525,71
2020-01-25,0,54684,47713,1016,514,2646,2795,0,13583,11887,391,74,214,1017,0,9984,9310,0,0,0,674,809,15402,13645,1645,579,228,114
2020-01-26,0,44828,23732,3193,1894,5728,10281,0,13055,4242,475,76,703,7559,0,8037,7510,0,0,0,527,751,18372,17265,1215,145,391,107
2020-01-27,0,34023,15242,2725,437,6348,9271,0,4992,4138,196,21,228,409,0,2694,2450,0,0,0,244,572,4575,3915,509,236,457,30
2020-01-28,0,353,349,0,0,0,4,1122,2459,2580,108,40,177,676,377,263,493,87,1,31,28,1618,726,1135,608,32,155,414
2020-01-29,0,12292,3839,533,414,1985,5521,0,5326,4007,240,54,271,754,0,1227,989,0,0,0,238,213,2632,1671,467,185,470,52
2020-01-30,4020,2672,5336,423,14,411,508,887,3381,3660,115,49,122,322,308,329,574,27,3,9,24,846,501,801,201,27,85,233
2020-01-31,3494,2733,5169,238,9,231,580,1059,2517,2753,112,36,132,543,244,249,394,30,12,25,32,870,476,742,233,42,157,172
2020-02-01,3767,2727,5284,67,136,445,562,1128,1930,2407,169,63,94,325,520,267,663,86,4,19,15,1319,596,1229,200,74,112,300
2020-02-02,3913,2512,4653,357,144,580,691,1159,1474,1742,137,82,131,541,407,224,508,93,8,8,14,1187,448,1037,273,67,73,185
2020-02-03,3022,1631,4010,31,34,62,516,0,0,0,0,0,0,0,0,0,0,0,0,0,0,0,0,0,0,0,0,0
2020-02-04,0,174,166,0,0,0,8,1046,2161,2274,175,68,173,517,286,224,408,41,11,25,25,1127,637,820,518,80,73,273
2020-02-05,2417,1592,2943,189,103,150,624,500,1249,1306,110,25,33,275,138,119,219,19,3,7,9,488,344,366,214,41,49,162
2020-02-06,2340,1846,3014,187,251,67,667,689,1553,1727,87,47,202,179,181,145,253,33,6,3,31,594,250,314,163,31,40,296
2020-02-07,2203,2093,3559,197,52,74,414,678,1855,1983,142,56,209,143,218,166,318,41,4,12,9,717,242,379,329,31,43,177
2020-02-08,3750,2227,4742,238,84,72,841,884,1866,2187,181,85,82,215,437,252,602,39,5,13,30,1197,362,896,379,64,41,179
2020-02-09,3569,2039,4336,240,198,179,655,1051,1451,1728,181,60,138,395,442,268,627,50,9,8,16,1308,469,905,381,91,37,363
2020-02-10,3108,2114,3965,207,191,414,445,0,0,0,0,0,0,0,0,0,0,0,0,0,0,0,0,0,0,0,0,0
2020-02-11,0,132,131,0,0,0,1,789,3116,3301,160,66,48,330,463,478,814,65,18,18,26,1438,826,1197,757,90,55,165
2020-02-12,1433,978,1528,194,91,132,466,276,931,979,84,27,10,107,123,84,175,29,0,2,1,352,106,144,168,41,7,98
2020-02-13,2535,2609,3834,180,162,203,765,504,2291,2459,144,43,50,99,315,322,525,87,8,5,12,780,316,639,206,35,31,185
2020-02-14,2720,2433,4538,42,12,159,402,689,3063,3401,129,48,21,153,389,373,691,50,6,5,10,1002,489,942,316,46,2,185
2020-02-15,3763,2628,5499,108,63,55,666,1005,2054,2541,248,105,6,159,646,432,1002,54,4,5,13,1300,471,1300,173,51,3,244
2020-02-16,2442,1224,3023,26,31,68,518,727,911,1264,180,23,5,166,514,275,707,30,9,13,30,1290,353,1061,318,48,8,208
2020-02-17,2232,1649,3056,207,145,117,356,0,0,0,0,0,0,0,0,0,0,0,0,0,0,0,0,0,0,0,0,0
2020-02-18,0,210,207,0,0,0,3,571,2034,2206,132,55,23,189,392,340,574,116,19,7,16,1126,584,910,527,102,10,161
2020-02-19,2410,1939,3541,185,127,99,397,481,2247,2394,156,71,8,99,276,317,543,34,5,0,11,633,323,540,296,48,11,61
2020-02-20,2052,1853,3308,266,82,0,249,514,2942,3117,169,84,14,72,369,312,588,75,4,9,5,709,380,668,185,47,14,175
2020-02-21,1961,1143,2364,280,35,34,391,522,1653,1762,171,42,96,104,210,161,310,42,6,5,8,637,186,439,144,48,0,192
2020-02-22,2370,1484,3344,75,83,219,133,531,797,968,116,31,48,165,253,129,297,53,3,3,26,684,211,505,246,29,7,108
2020-02-23,2713,1222,3563,90,34,148,100,485,244,476,127,29,34,63,468,243,590,70,14,1,36,1065,284,750,317,108,13,161
2020-02-24,1771,842,2307,35,2,4,265,0,0,0,0,0,0,0,0,0,0,0,0,0,0,0,0,0,0,0,0,0
2020-02-25,0,12,11,0,0,0,1,214,790,860,69,25,9,41,135,84,172,38,4,0,5,479,172,321,195,31,5,99
2020-02-26,0,2537,1175,268,304,97,693,0,3376,3013,265,28,13,57,0,1075,861,0,0,0,214,127,1401,583,392,149,371,33
2020-02-27,935,603,1310,92,35,0,101,281,2298,2418,92,44,6,19,336,291,565,34,4,0,24,476,242,462,174,30,0,52
2020-02-28,426,256,610,8,4,53,7,101,525,551,44,5,5,21,76,73,131,12,6,0,0,151,68,109,65,11,0,34
2020-02-29,946,462,1309,29,14,15,41,377,715,964,83,19,0,26,499,314,758,49,1,0,5,665,197,664,134,6,1,57
2020-03-01,685,428,927,107,15,22,42,194,444,536,65,20,2,15,201,167,340,17,7,0,4,320,137,362,59,18,0,18
2020-03-02,478,275,571,128,26,0,28,0,0,0,0,0,0,0,0,0,0,0,0,0,0,0,0,0,0,0,0,0
2020-03-03,0,35,35,0,0,0,0,267,2132,2314,72,6,0,7,233,261,463,24,1,1,5,413,208,387,194,21,0,19
2020-03-04,368,242,486,98,13,4,9,97,1390,1449,29,3,0,6,130,122,238,8,2,0,4,187,89,225,33,3,0,15
2020-03-05,478,289,648,43,12,5,59,182,2030,2133,54,15,1,9,169,240,397,9,0,0,3,202,165,295,65,2,0,5
2020-03-06,424,341,659,56,14,2,34,231,2264,2446,37,5,0,7,194,242,428,4,0,0,4,247,162,368,35,1,0,5
2020-03-07,958,464,1340,58,2,9,13,433,799,1154,45,15,4,14,501,286,761,25,0,1,0,646,238,813,52,2,0,17
2020-03-08,1323,696,1989,21,3,1,5,526,900,1374,40,5,0,7,732,533,1236,25,2,0,2,1019,374,1305,70,1,0,17
2020-03-09,427,380,769,18,0,2,18,0,0,0,0,0,0,0,0,0,0,0,0,0,0,0,0,0,0,0,0,0
2020-03-10,0,1,1,0,0,0,0,83,643,713,11,0,0,2,86,87,170,3,0,0,0,114,63,162,10,2,0,3
2020-03-11,396,359,733,11,0,2,9,247,2322,2526,39,0,0,4,283,354,611,24,0,0,2,361,262,560,50,5,0,8
2020-03-12,324,278,575,12,0,0,15,387,2632,2972,37,3,0,7,297,322,600,17,0,0,2,326,215,492,37,0,0,12
2020-03-13,306,320,595,10,9,0,12,246,2301,2513,27,0,0,7,232,278,494,13,0,0,3,239,192,396,27,0,0,8
2020-03-14,1028,780,1761,36,3,1,7,437,777,1186,26,1,1,0,477,416,881,9,0,0,3,688,337,1015,8,0,0,2
2020-03-15,870,471,1322,11,0,0,8,277,487,714,43,2,0,5,393,369,751,7,0,0,4,625,324,898,40,0,0,11
2020-03-16,391,300,662,24,0,0,5,0,0,0,0,0,0,0,0,0,0,0,0,0,0,0,0,0,0,0,0,0
2020-03-17,0,19,19,0,0,0,0,154,2042,2175,16,2,0,3,210,276,481,5,0,0,0,227,173,379,12,0,1,8
2020-03-18,499,549,1037,8,2,1,0,469,3162,3600,25,0,2,4,491,509,981,15,0,0,4,470,341,783,18,0,2,8
2020-03-19,123,119,231,6,0,0,5,196,1338,1514,18,1,0,1,116,121,235,2,0,0,0,126,69,183,11,0,0,1
2020-03-20,480,465,941,0,0,2,2,461,3063,3496,23,0,2,3,413,457,859,10,0,0,1,540,343,852,30,0,0,1
2020-03-21,1677,773,2421,22,3,0,4,836,1062,1869,16,5,0,8,1020,665,1664,17,2,0,2,1622,576,2162,23,1,0,12
2020-03-22,1864,970,2764,30,3,0,37,787,1372,2123,25,0,0,11,1120,747,1848,12,1,2,4,1883,681,2526,33,0,1,4
2020-03-23,545,463,989,6,2,2,9,0,0,0,0,0,0,0,0,0,0,0,0,0,0,0,0,0,0,0,0,0
2020-03-24,0,13,13,0,0,0,0,541,4151,4670,22,0,0,0,697,732,1421,8,0,0,0,919,637,1503,33,0,0,20
2020-03-25,0,2040,1923,47,20,18,32,0,7159,7129,30,0,0,0,0,3050,3034,0,0,0,16,315,2938,3218,34,0,0,1
2020-03-26,380,241,607,6,2,2,4,473,3407,3868,8,0,0,4,547,418,960,4,0,1,0,548,289,826,6,0,0,5
2020-03-27,511,492,982,15,0,1,5,597,2935,3507,17,2,0,6,662,536,1194,2,0,0,2,832,466,1280,16,0,2,0
2020-03-28,1754,1085,2783,35,0,0,21,1055,1461,2490,25,1,0,0,1405,775,2160,17,0,0,3,2278,761,2987,48,0,0,4
2020-03-29,1935,1011,2915,5,1,0,25,1204,1297,2459,32,0,0,10,1829,977,2785,14,0,3,4,2634,879,3414,86,0,0,13
2020-03-30,715,605,1314,6,0,0,0,0,0,0,0,0,0,0,0,0,0,0,0,0,0,0,0,0,0,0,0,0
2020-03-31,0,18,18,0,0,0,0,1109,3884,4950,33,2,2,6,1138,807,1938,1,1,0,5,1247,628,1840,30,0,0,5
2020-04-01,557,392,943,0,0,2,4,1047,4050,5071,19,0,3,4,892,645,1522,6,0,0,9,857,455,1289,15,0,0,8
2020-04-02,636,457,1086,6,0,0,1,1092,4097,5169,15,0,0,5,873,787,1644,14,0,0,2,964,608,1560,9,0,0,3
2020-04-03,636,635,1266,2,0,1,2,1318,4123,5424,13,0,0,4,979,674,1640,2,0,0,11,1145,503,1602,41,2,0,3
2020-04-04,1845,948,2757,19,0,2,15,1634,1638,3214,37,2,0,19,1651,885,2513,10,1,2,10,2405,762,3123,27,0,0,17
2020-04-05,1642,926,2544,18,0,3,3,1334,1315,2606,26,0,3,14,1403,879,2248,22,0,0,12,2020,697,2654,46,0,0,17
2020-04-06,506,538,1023,9,0,3,9,0,0,0,0,0,0,0,0,0,0,0,0,0,0,0,0,0,0,0,0,0
2020-04-07,0,21,21,0,0,0,0,1018,4501,5475,28,0,6,10,687,631,1307,6,1,0,4,733,404,1118,15,0,0,4
2020-04-08,510,471,978,3,0,0,0,842,4200,5023,15,0,0,4,660,602,1254,6,0,0,2,701,389,1065,11,0,1,13
2020-04-09,484,495,968,2,0,0,9,759,4117,4864,11,0,1,0,659,541,1183,2,0,4,11,769,434,1172,22,0,0,9
2020-04-10,531,686,1210,5,0,1,1,923,3801,4709,14,0,0,1,560,500,1048,10,0,0,2,780,376,1126,30,0,0,0
2020-04-11,1590,1113,2664,29,0,0,10,1297,1639,2874,38,2,2,20,1150,686,1818,12,0,2,4,1673,604,2244,28,0,0,5
2020-04-12,1267,973,2211,19,0,0,10,784,2106,2862,20,0,0,8,922,650,1554,14,0,3,1,1407,481,1846,40,0,0,2
2020-04-13,630,535,1149,13,0,0,3,0,0,0,0,0,0,0,0,0,0,0,0,0,0,0,0,0,0,0,0,0
2020-04-14,0,65,65,0,0,0,0,822,4402,5211,12,0,0,1,707,670,1370,4,0,3,0,960,461,1389,27,0,0,5
2020-04-15,1605,1137,2724,14,0,0,4,1126,1725,2829,11,0,8,3,1240,769,1990,13,0,0,6,2073,631,2682,20,0,0,2
2020-04-16,472,528,989,10,0,0,1,659,4064,4715,5,0,0,3,575,508,1074,4,2,0,3,660,327,965,22,0,0,0
2020-04-17,123,190,308,2,0,0,3,265,1062,1317,6,4,0,0,188,156,342,2,0,0,0,316,109,421,4,0,0,0
2020-04-18,2563,1545,4061,21,0,2,24,1727,2326,4001,38,3,6,5,1708,1032,2724,12,0,0,4,2697,852,3484,53,0,0,12
2020-04-19,805,505,1300,0,1,4,5,385,851,1201,10,0,2,23,505,388,890,3,0,0,0,997,347,1315,24,0,0,5
2020-04-20,240,195,435,0,0,0,0,0,0,0,0,0,0,0,0,0,0,0,0,0,0,0,0,0,0,0,0,0
2020-04-21,0,52,52,0,0,0,0,259,2601,2854,6,0,0,0,301,334,628,6,0,0,1,489,277,765,1,0,0,0
2020-04-22,182,211,385,6,0,2,0,178,1507,1679,6,0,0,0,152,183,328,5,0,0,2,233,106,329,2,0,0,8
2020-04-23,473,332,795,0,0,8,2,350,3472,3798,22,0,1,1,415,368,780,1,0,0,2,545,269,807,5,0,0,2
2020-04-24,601,643,1243,1,0,0,0,604,3276,3870,9,0,0,1,496,500,994,1,0,0,1,646,378,1014,7,1,2,0
2020-04-25,2192,1662,3839,6,0,0,9,1258,2068,3283,36,0,1,6,1187,756,1915,23,0,0,5,2101,713,2742,50,0,2,20
2020-04-26,2706,1787,4471,6,0,4,12,1424,2175,3566,14,0,1,18,1395,911,2279,10,0,2,15,2571,920,3424,60,0,0,7
2020-04-27,638,566,1188,6,0,8,2,0,0,0,0,0,0,0,0,0,0,0,0,0,0,0,0,0,0,0,0,0
2020-04-28,0,61,61,0,0,0,0,812,3383,4173,10,0,2,10,740,666,1398,5,0,1,2,1001,524,1495,30,0,0,0
2020-04-29,0,1089,1004,19,11,7,48,0,9340,9307,32,1,0,0,0,2916,2898,0,0,0,18,527,3198,3650,73,0,0,2
2020-04-30,4025,2716,6710,10,2,2,17,2333,2763,5040,42,2,2,10,2515,1263,3768,5,0,2,3,3936,1318,5194,38,2,0,20
2020-05-01,3983,3079,7002,14,0,2,44,2025,2483,4458,25,0,0,25,1999,1123,3116,6,0,0,0,3448,1060,4420,60,1,2,25
2020-05-02,4162,2689,6841,7,0,3,0,1880,2733,4549,34,3,2,25,1864,1064,2920,8,0,0,0,3216,1153,4301,37,1,4,26
2020-05-03,2690,1882,4531,26,0,5,10,1460,2111,3512,28,1,0,30,1476,932,2392,11,0,0,5,2503,903,3337,34,0,1,34
2020-05-04,1897,1218,3099,13,0,0,3,0,0,0,0,0,0,0,0,0,0,0,0,0,0,0,0,0,0,0,0,0
2020-05-05,0,29,29,0,0,0,0,1759,2909,4633,27,0,2,6,2018,1503,3513,7,0,0,1,3495,1675,5133,25,0,2,10
2020-05-06,551,616,1153,4,0,0,10,747,3342,4077,11,0,0,1,547,594,1132,6,0,2,1,793,381,1151,15,0,0,8
2020-05-07,563,543,1101,5,0,0,0,657,3753,4401,5,1,0,3,570,602,1166,5,0,0,1,713,414,1095,28,0,0,4
2020-05-08,570,773,1337,6,0,0,0,689,3185,3852,18,0,0,4,484,491,970,1,0,0,4,747,354,1081,15,0,0,5
2020-05-09,457,510,967,0,0,0,0,428,740,1161,7,0,0,0,376,181,557,0,0,0,0,667,184,841,10,0,0,0
2020-05-10,1779,1254,3015,9,0,0,9,1189,2024,3164,28,0,0,21,1016,759,1760,9,0,0,6,1779,729,2476,14,0,0,18
2020-05-11,485,513,997,0,0,1,0,0,0,0,0,0,0,0,0,0,0,0,0,0,0,0,0,0,0,0,0,0
2020-05-12,0,41,41,0,0,0,0,486,3433,3905,11,0,0,3,425,501,920,3,0,0,3,790,438,1218,7,0,0,3
2020-05-13,605,604,1187,3,0,4,15,846,4175,4997,14,3,4,3,573,575,1141,7,0,0,0,780,405,1163,16,0,0,6
2020-05-14,423,438,859,0,0,0,2,612,3691,4294,5,0,3,1,495,496,987,2,1,0,1,541,333,856,10,0,0,8
2020-05-15,112,151,260,0,0,0,3,221,1291,1506,6,0,0,0,145,113,258,0,0,0,0,234,83,310,0,0,0,7
2020-05-16,1480,912,2384,4,0,3,1,1310,2043,3340,5,2,0,6,979,662,1626,15,0,0,0,1798,522,2268,33,0,0,19
2020-05-17,1685,1156,2814,8,0,0,19,1179,1914,3059,13,0,0,21,1006,693,1684,15,0,0,0,1762,653,2376,31,0,1,7
2020-05-18,247,270,503,12,0,0,2,0,0,0,0,0,0,0,0,0,0,0,0,0,0,0,0,0,0,0,0,0
2020-05-19,0,30,30,0,0,0,0,354,3022,3360,10,1,0,5,331,301,631,0,0,0,1,384,206,585,4,0,0,1
2020-05-20,624,625,1249,0,0,0,0,679,4366,5025,13,3,0,4,573,612,1182,2,0,0,1,820,465,1267,8,0,0,10
2020-05-21,591,615,1194,0,0,0,12,788,4210,4978,18,0,0,2,624,555,1174,5,0,0,0,723,369,1084,5,0,0,3
2020-05-22,589,698,1278,7,0,0,2,844,4507,5328,16,1,0,6,534,542,1069,5,0,0,2,828,414,1218,20,0,0,4
2020-05-23,2221,2057,4250,7,0,4,17,1899,3026,4902,19,0,0,4,1503,923,2413,13,0,0,0,2443,839,3226,42,0,0,14
2020-05-24,1651,1235,2867,16,0,0,3,1200,2068,3216,25,0,5,22,948,604,1534,18,0,0,0,1744,667,2387,9,0,0,15
2020-05-25,592,553,1143,2,0,0,0,0,0,0,0,0,0,0,0,0,0,0,0,0,0,0,0,0,0,0,0,0
2020-05-26,0,18,18,0,0,0,0,589,3657,4226,20,0,0,0,430,495,922,0,0,0,3,679,358,1018,13,0,2,4
2020-05-27,0,2173,2051,36,19,21,46,0,8656,8585,47,2,2,20,0,3037,2983,0,0,0,54,611,2677,3235,49,0,2,2
2020-05-28,518,639,1154,3,0,0,0,720,4441,5147,7,0,3,4,501,506,1006,1,0,0,0,747,328,1071,4,0,0,0
2020-05-29,466,512,973,5,0,0,0,602,3346,3932,10,0,0,6,453,377,822,4,0,0,4,772,313,1069,7,0,1,8
2020-07-22,327,260,577,9,0,0,1,397,1507,1886,14,2,0,2,222,156,375,1,0,0,2,318,150,456,11,0,0,1
2020-07-23,268,107,369,0,0,0,6,123,514,633,3,0,0,1,106,64,169,1,0,0,0,238,89,323,4,0,0,0
2020-07-24,460,390,841,6,0,0,3,602,1551,2143,6,0,0,4,324,255,578,1,0,0,0,357,133,483,7,0,0,0
2020-07-25,2255,1814,4024,27,2,0,16,1905,2200,4071,24,1,0,9,1114,723,1835,2,0,0,0,1295,555,1815,33,0,0,2
2020-07-26,1914,1176,3067,12,0,0,11,1500,1994,3453,18,8,5,10,950,549,1484,8,0,0,7,1210,469,1599,71,1,0,8
2020-07-27,485,378,858,2,0,0,3,0,0,0,0,0,0,0,0,0,0,0,0,0,0,0,0,0,0,0,0,0
2020-07-28,0,3,3,0,0,0,0,676,2187,2843,6,1,0,13,348,320,662,3,0,0,3,624,261,849,28,0,0,8
2020-07-29,0,962,920,12,0,3,27,0,2502,2489,13,0,0,0,0,844,832,0,0,0,12,195,867,1033,27,0,2,0
2020-07-30,776,629,1395,9,0,0,1,850,2400,3213,22,0,1,14,396,336,726,3,0,0,3,588,220,797,11,0,0,0
2020-07-31,1001,696,1677,10,0,0,10,915,1928,2814,25,0,0,4,447,380,822,4,0,0,1,720,281,970,27,0,0,4
2020-08-01,1183,548,1722,9,0,0,0,928,1322,2216,13,2,0,19,559,274,827,6,0,0,0,854,257,1068,35,0,0,8
2020-08-02,947,478,1375,4,0,8,38,504,706,1192,7,0,0,11,237,124,360,1,0,0,0,634,193,816,10,0,0,1
2020-08-03,1018,420,1363,3,0,8,64,0,0,0,0,0,0,0,0,0,0,0,0,0,0,0,0,0,0,0,0,0
2020-08-04,0,3,3,0,0,0,0,777,2015,2752,21,1,2,16,460,351,803,6,0,0,2,884,275,1139,18,0,0,2
2020-08-05,664,500,1151,5,0,0,8,447,1300,1731,11,0,0,5,268,171,437,2,0,0,0,590,184,754,15,0,0,5
2020-08-06,629,536,1150,7,0,0,8,698,2192,2880,3,0,2,5,301,285,583,3,0,0,0,524,192,704,5,0,0,7
2020-08-07,1142,905,1998,13,0,8,28,922,2559,3468,9,0,0,4,442,361,799,4,0,0,0,833,301,1095,8,0,0,31
2020-08-08,1713,1136,2800,17,0,4,28,1176,1540,2686,23,0,0,7,698,446,1133,9,0,2,0,1053,417,1439,17,0,0,14
2020-08-09,343,173,506,6,0,0,4,265,440,548,3,0,0,154,174,87,261,0,0,0,0,288,115,400,3,0,0,0
2020-08-10,600,472,1052,6,0,3,11,0,0,0,0,0,0,0,0,0,0,0,0,0,0,0,0,0,0,0,0,0
2020-08-11,0,183,183,0,0,0,0,646,1978,2616,5,0,1,2,403,327,721,7,2,0,0,672,304,952,15,0,0,9
2020-08-12,889,1103,1961,13,0,1,17,717,1972,2675,4,4,0,6,422,386,798,2,0,0,8,875,341,1170,19,0,4,23
2020-08-13,823,864,1679,0,1,0,7,661,1879,2535,3,1,0,1,426,355,775,2,0,0,4,670,238,901,7,0,0,0
2020-08-14,829,997,1810,9,0,3,4,828,1795,2587,24,2,0,10,377,302,673,6,0,0,0,646,271,909,8,0,0,0
2020-08-15,0,3484,3281,123,3,8,69,0,4093,4065,24,0,0,4,0,1472,1443,0,0,0,29,247,1158,1370,35,0,0,0
2020-08-16,0,3644,3464,86,14,12,68,0,3756,3744,12,0,0,0,0,2115,2055,0,0,0,60,344,1880,2126,94,1,3,0
2020-08-17,0,1666,1568,82,0,0,16,0,2816,2816,0,0,0,0,0,894,873,0,0,0,21,250,887,1113,21,0,0,3
2020-08-18,0,72,70,0,0,0,2,342,988,1319,11,0,0,0,186,220,399,5,1,0,1,422,179,581,16,0,0,4
2020-08-19,235,170,389,16,0,0,0,251,668,913,4,1,1,0,158,170,328,0,0,0,0,241,102,333,7,0,0,3
2020-08-20,165,142,302,5,0,0,0,305,760,1052,10,0,0,3,159,185,340,2,0,0,2,232,105,333,3,0,0,1
2020-08-21,152,157,280,0,0,0,29,190,573,758,4,0,0,1,136,133,269,0,0,0,0,160,53,201,9,0,0,3
2020-08-22,197,270,461,4,0,0,2,114,343,449,8,0,0,0,127,114,239,1,0,0,1,214,65,264,13,0,0,2
2020-08-23,376,189,507,37,0,0,21,288,383,662,9,0,0,0,309,237,535,9,0,0,2,325,126,437,14,0,0,0
2020-08-24,161,117,251,12,0,0,15,0,0,0,0,0,0,0,0,0,0,0,0,0,0,0,0,0,0,0,0,0
2020-08-25,0,13,4,0,0,0,9,127,487,605,6,0,0,3,152,151,300,3,0,0,0,49,78,119,8,0,0,0
2020-08-26,0,344,265,64,0,0,15,0,900,884,16,0,0,0,0,378,357,0,0,0,21,47,360,376,31,0,0,0
2020-08-27,64,50,107,7,0,0,0,71,683,743,11,0,0,0,97,95,192,0,0,0,0,28,34,60,2,0,0,0
2020-08-28,116,105,214,5,0,0,2,177,675,843,8,0,0,1,114,115,227,2,0,0,0,79,53,126,5,0,0,1
2020-08-29,186,66,240,11,0,0,1,131,334,426,39,0,0,0,119,106,221,2,0,2,0,192,80,266,2,0,0,4
2020-08-30,227,119,328,10,0,2,6,197,313,460,44,0,0,6,181,169,329,7,0,0,14,251,80,259,63,1,0,8
2020-08-31,140,76,194,17,0,3,2,0,0,0,0,0,0,0,0,0,0,0,0,0,0,0,0,0,0,0,0,0
2020-09-01,0,27,27,0,0,0,0,191,1050,1234,6,0,0,1,172,210,381,1,0,0,0,145,72,207,3,0,0,7
2020-09-02,55,60,115,0,0,0,0,59,500,551,6,0,0,2,66,85,147,4,0,0,0,48,51,98,0,0,0,1
2020-09-03,138,114,230,16,0,0,6,243,1580,1818,4,0,0,1,163,114,271,6,0,0,0,0,0,0,0,0,0,0
2020-09-04,314,222,513,23,0,0,0,541,1639,2163,10,0,1,6,319,267,570,12,0,0,4,203,138,305,31,0,0,5
2020-09-05,658,404,1039,17,0,4,2,513,759,1237,26,0,2,7,443,354,780,17,0,0,0,552,222,712,58,0,2,2
2020-09-06,505,276,765,12,0,2,2,298,501,760,27,2,2,8,376,288,653,10,0,0,1,477,219,673,12,0,0,11
2020-09-07,32,20,52,0,0,0,0,0,0,0,0,0,0,0,0,0,0,0,0,0,0,0,0,0,0,0,0,0
2020-09-08,0,8,8,0,0,0,0,488,2485,2957,16,0,0,0,477,375,841,9,0,0,2,219,151,352,16,0,0,2
2020-09-09,165,140,295,3,0,3,4,281,1908,2184,1,0,1,3,197,185,381,1,0,0,0,166,92,255,3,0,0,0
2020-09-10,273,197,466,1,0,2,1,429,2124,2535,11,1,0,6,359,360,713,5,0,1,0,243,156,392,7,0,0,0
2020-09-11,248,273,518,3,0,0,0,370,1866,2216,18,0,0,2,255,234,482,7,0,0,0,222,134,343,13,0,0,0
2020-09-12,661,451,1076,17,3,2,14,500,622,1079,38,1,0,4,377,296,663,8,0,0,2,599,244,781,52,0,4,6
2020-09-13,1593,778,2343,18,1,0,9,943,1388,2283,18,0,4,26,941,726,1631,20,2,0,14,1219,616,1698,124,0,1,12
2020-09-14,305,254,559,0,0,0,0,0,0,0,0,0,0,0,0,0,0,0,0,0,0,0,0,0,0,0,0,0
2020-09-15,0,10,10,0,0,0,0,542,2659,3192,8,0,0,1,363,346,704,4,0,0,1,374,193,545,17,0,0,5
2020-09-16,253,146,389,7,0,0,3,288,1905,2187,4,0,0,2,214,203,416,0,0,0,1,183,72,250,5,0,0,0
2020-09-17,467,239,697,8,1,0,0,465,2691,3141,12,0,0,3,329,328,652,0,0,0,5,297,145,418,20,0,0,4
2020-09-18,907,459,1351,9,0,0,6,802,3043,3809,31,0,0,5,554,393,929,11,0,0,7,529,242,748,23,0,0,0
2020-09-19,2613,1120,3680,22,0,0,31,1503,1715,3174,36,0,0,8,1159,780,1925,13,1,0,0,1407,605,1939,41,0,2,30
2020-09-20,2134,1097,3194,15,1,2,19,1297,1486,2737,35,2,0,9,1117,897,1985,9,0,0,20,1386,687,2030,35,1,0,7
2020-09-21,720,332,1034,13,0,2,3,0,0,0,0,0,0,0,0,0,0,0,0,0,0,0,0,0,0,0,0,0
2020-09-22,0,14,14,0,0,0,0,714,3969,4665,14,0,2,2,542,423,960,5,0,0,0,616,299,894,9,0,2,10
2020-09-23,915,415,1319,5,0,2,4,684,3003,3675,8,0,0,4,459,443,890,8,0,2,2,524,234,747,4,0,2,5
2020-09-24,973,375,1328,17,0,0,3,751,3148,3886,8,0,0,5,494,346,832,8,0,0,0,482,226,692,11,0,0,5
2020-09-25,1263,571,1814,12,1,0,7,859,2745,3578,15,0,0,11,527,402,924,5,0,0,0,567,251,791,15,0,0,12
2020-09-26,3733,1882,5585,5,0,6,19,1843,2789,4575,33,1,8,15,1292,947,2220,18,0,0,1,1498,706,2141,41,0,0,22
2020-09-27,3256,1577,4775,32,2,8,16,1579,2181,3703,24,1,0,32,1139,981,2111,8,0,1,0,1503,695,2165,30,0,1,2
2020-09-28,1280,471,1737,14,0,0,0,0,0,0,0,0,0,0,0,0,0,0,0,0,0,0,0,0,0,0,0,0
2020-09-29,0,100,100,0,0,0,0,923,2618,3528,10,0,0,3,549,411,943,15,0,0,2,757,285,990,43,0,0,9
2020-09-30,1518,6311,7451,119,2,19,238,0,3355,3297,37,0,0,21,0,2714,2670,0,0,0,44,311,2893,3073,119,5,7,0
2020-10-01,7370,5452,12141,237,2,44,398,2461,2644,4979,57,1,1,67,2425,1457,3863,11,0,0,8,2491,1180,3528,120,0,5,18
2020-10-02,5933,3830,9654,38,0,2,69,2448,2735,5072,48,0,0,63,1793,1086,2845,24,0,0,10,2265,1040,3214,62,0,0,29
2020-10-03,0,0,0,0,0,0,0,0,0,0,0,0,0,0,2021,1395,3396,15,0,2,3,2258,1285,3349,110,3,8,73
2020-10-04,3796,2250,5947,37,4,32,26,1425,1758,3127,17,0,0,39,1127,916,2029,11,3,0,0,1488,788,2197,37,3,4,35
2020-10-05,1489,566,2038,8,0,5,4,0,0,0,0,0,0,0,0,0,0,0,0,0,0,0,0,0,0,0,0,0
2020-10-06,0,95,95,0,0,0,0,760,3676,4425,8,0,0,3,530,524,1048,5,0,0,1,682,311,965,20,0,4,4
2020-10-07,2081,663,2719,9,0,2,14,765,3510,4253,14,0,0,8,508,484,988,4,0,0,0,625,269,879,4,0,1,10
2020-10-08,2233,856,3087,2,0,0,0,973,3363,4322,11,0,0,3,660,510,1163,5,0,2,0,689,270,947,9,1,0,2
2020-10-09,0,0,0,0,0,0,0,0,0,0,0,0,0,0,2184,1328,3494,15,0,0,3,2225,1279,3402,91,0,0,11
2020-10-10,3124,2960,5989,72,0,3,20,2778,3252,5970,31,2,0,27,2258,1282,3521,15,0,0,4,2220,1036,3174,49,2,4,27
2020-10-11,4187,2831,6939,42,0,3,34,1935,2622,4502,26,0,0,29,1551,1052,2591,8,0,0,4,1691,952,2570,41,1,2,29
2020-10-12,1950,723,2646,16,0,3,8,408,2040,2444,0,0,0,4,316,251,565,2,0,0,0,403,152,546,5,0,0,4
2020-10-13,1936,517,2426,8,2,4,13,865,3527,4370,8,0,0,14,743,545,1285,3,0,0,0,714,328,1027,12,0,0,3
2020-10-14,2199,834,3008,13,0,5,7,948,3759,4690,5,0,3,9,782,679,1451,8,0,0,2,781,310,1060,18,0,0,13
2020-10-15,2259,779,3019,8,0,1,10,1060,3752,4800,9,0,2,1,692,432,1119,5,0,0,0,755,334,1070,17,0,0,2
2020-10-16,2326,1342,3612,41,0,5,10,1079,3307,4372,8,0,0,6,951,585,1526,10,0,0,0,806,503,1224,77,0,0,8
2020-10-17,5462,3402,8703,113,11,23,14,3434,5018,8406,34,1,0,11,2933,1518,4410,21,0,0,20,2634,1313,3814,85,11,3,34
2020-10-18,5151,3067,8114,58,4,13,29,2674,3359,5985,11,0,0,37,2369,1487,3825,24,0,5,2,2302,1143,3374,47,1,0,23
2020-10-19,2461,781,3194,31,0,13,4,0,0,0,0,0,0,0,0,0,0,0,0,0,0,0,0,0,0,0,0,0
2020-10-20,0,26,24,0,0,0,2,1539,4349,5873,7,0,0,8,1165,784,1942,7,0,0,0,1140,590,1685,37,0,0,8
2020-10-21,2453,850,3277,11,0,5,10,12263,4270,16313,7,1,2,210,970,740,1699,7,0,0,4,912,481,1361,9,0,2,21
2020-10-22,2430,767,3171,18,0,3,5,1232,4233,5445,12,0,2,6,1253,713,1959,4,0,2,1,1027,471,1456,24,0,0,18
2020-10-23,2618,1334,3896,34,0,6,16,1601,3925,5480,26,1,3,16,1503,838,2328,10,0,2,1,1248,543,1654,110,0,0,27
2020-10-24,6384,4751,10850,239,4,8,34,4683,5792,10246,167,13,8,41,4248,1985,6188,30,0,4,11,3447,1574,4784,200,2,13,22
2020-10-25,6562,4249,10562,178,2,10,59,4269,6857,10988,48,2,2,86,3825,2062,5828,35,4,1,19,3480,1813,5070,140,3,2,78
2020-10-26,3003,1247,4191,52,0,3,4,0,0,0,0,0,0,0,0,0,0,0,0,0,0,0,0,0,0,0,0,0
2020-10-27,0,34,34,0,0,0,0,2230,5916,8129,5,0,1,11,1532,1232,2743,18,1,0,2,1690,1027,2589,63,2,4,59
2020-10-28,1525,4570,5959,62,5,16,53,0,13841,13791,49,1,0,0,0,5397,5341,0,0,0,56,410,5513,5814,100,0,0,9
2020-10-29,3089,1510,4578,15,0,4,2,2447,6196,8615,15,0,1,12,1776,1236,2996,14,0,1,1,1960,849,2658,47,0,2,102
2020-10-30,3323,1859,5108,60,0,7,7,3281,6316,9558,31,0,2,6,1980,1352,3306,23,0,0,3,2022,1000,2897,112,0,0,13
2020-10-31,8423,4751,12948,172,0,15,39,7276,10882,16975,55,0,4,1124,6095,2888,8895,76,0,1,11,5254,2853,7774,264,7,11,51
2020-11-01,2876,1061,3845,64,8,4,16,2523,5438,6750,45,0,0,1166,1605,806,2364,46,0,1,0,1898,847,2628,85,0,2,30
2020-11-02,3189,1302,4448,27,0,2,14,0,0,0,0,0,0,0,0,0,0,0,0,0,0,0,0,0,0,0,0,0
2020-11-03,0,175,175,0,0,0,0,2493,4272,6722,18,0,2,23,1611,1131,2720,13,1,0,8,1798,926,2605,98,1,3,17
2020-11-04,2729,1097,3767,37,6,2,14,2043,4789,6807,16,0,0,9,1723,1038,2727,16,0,0,18,1732,934,2548,92,0,2,24
2020-11-05,2959,1522,4454,13,0,11,3,2507,4113,6598,17,0,1,4,1943,1271,3196,10,0,0,8,2035,1050,2991,56,4,5,29
2020-11-06,2983,1731,4670,41,0,1,2,3058,5796,8808,37,0,0,9,1971,1219,3169,12,0,1,8,1988,940,2834,62,0,4,28
2020-11-07,6912,3818,10474,198,3,22,33,7423,10373,17645,127,3,0,21,6547,3242,9690,53,9,0,37,5230,2514,7380,290,7,8,59
2020-11-08,7078,3898,10681,209,0,27,59,5816,8445,14139,68,0,0,54,5832,2460,8194,34,6,2,56,5151,2273,7050,250,7,11,106
2020-11-09,2898,1079,3920,46,2,0,9,0,0,0,0,0,0,0,0,0,0,0,0,0,0,0,0,0,0,0,0,0
2020-11-10,0,97,97,0,0,0,0,2498,5959,8409,34,2,1,11,2016,1530,3517,18,0,0,11,2112,1148,3102,80,1,6,71
2020-11-11,3101,1863,4887,51,2,13,11,2806,6375,9114,48,0,8,11,2037,1450,3463,20,0,4,0,2020,1344,3218,106,0,3,37
2020-11-12,3016,1775,4764,12,1,7,7,2523,6123,8621,21,1,0,3,1952,1306,3249,4,0,5,0,1906,1177,3009,43,4,12,15
2020-11-13,3168,1433,4531,46,2,9,13,3037,5622,8622,25,2,0,10,1846,1210,3045,8,0,0,3,1697,844,2438,66,0,0,37
2020-11-14,6113,4015,9890,149,4,22,63,5899,7085,12815,146,1,4,18,5032,2245,7220,25,9,0,23,4181,1913,5814,149,0,14,117
2020-11-15,5653,3192,8762,59,0,14,10,4648,7096,11644,71,1,0,28,4071,2112,6152,19,0,0,12,3549,1803,5230,81,1,3,37
2020-11-16,3080,1310,4354,28,0,8,0,0,0,0,0,0,0,0,0,0,0,0,0,0,0,0,0,0,0,0,0,0
2020-11-17,0,98,98,0,0,0,0,1913,4704,6588,24,0,0,5,1479,1102,2575,3,1,0,2,1538,783,2233,49,2,12,25
2020-11-18,1562,487,2039,4,0,0,6,1332,3758,5067,19,0,0,4,709,456,1164,1,0,0,0,872,287,1135,12,0,0,12
2020-11-19,1524,258,1765,11,0,1,5,557,1765,2310,6,0,0,6,234,334,565,3,0,0,0,451,130,568,10,0,0,3
2020-11-20,2019,647,2610,37,0,14,5,1110,2541,3629,13,0,2,7,617,443,1052,4,0,2,2,760,341,1054,33,0,0,14
2020-11-21,3736,1899,5537,54,5,23,16,3248,4035,7249,19,0,2,13,1856,1046,2874,21,0,5,2,1884,891,2657,70,3,11,34
2020-11-22,2955,1284,4192,27,4,3,13,1908,2175,4012,61,2,2,6,1075,717,1782,10,0,0,0,1222,585,1734,64,0,0,9
2020-11-23,1993,512,2483,18,0,4,0,0,0,0,0,0,0,0,0,0,0,0,0,0,0,0,0,0,0,0,0,0
2020-11-24,0,33,33,0,0,0,0,598,2910,3484,18,0,2,4,420,347,757,1,0,4,5,634,419,1029,16,0,2,6
2020-11-25,1399,1859,3192,36,0,4,26,0,5370,5325,28,0,6,11,0,1734,1702,0,0,0,32,214,1866,2024,51,0,0,5
2020-11-26,1755,448,2183,19,0,1,0,565,2982,3525,21,0,1,0,456,408,858,3,0,0,3,565,272,814,19,0,0,4
2020-11-27,1741,385,2086,30,2,2,6,619,2590,3201,6,0,1,1,364,260,613,9,0,0,2,555,174,691,21,0,0,17
2020-11-28,2302,635,2864,48,2,3,20,868,1329,2160,26,0,0,11,475,343,810,7,0,0,1,727,260,941,35,0,2,9
2020-11-29,2022,516,2512,23,0,3,0,587,1170,1738,11,0,3,5,437,280,700,10,1,0,6,594,253,814,25,1,0,7
2020-11-30,1294,233,1521,6,0,0,0,0,0,0,0,0,0,0,0,0,0,0,0,0,0,0,0,0,0,0,0,0
2020-12-01,0,23,23,0,0,0,0,362,2252,2606,6,0,0,2,325,287,601,9,0,0,2,439,194,591,29,0,4,9
2020-12-02,1418,274,1662,20,0,4,6,379,2472,2830,20,0,0,1,241,260,499,1,0,0,1,311,162,459,13,0,0,1
2020-12-03,1345,303,1635,10,0,3,0,362,2365,2706,17,0,0,4,241,249,481,9,0,0,0,316,168,476,7,0,0,1
2020-12-04,1655,297,1925,24,0,0,3,358,2151,2481,24,0,0,4,212,247,458,1,0,0,0,274,167,413,22,0,0,6
2020-12-05,2157,513,2649,12,0,4,5,792,1084,1833,29,2,0,12,708,382,1078,11,0,0,1,704,254,942,10,0,0,6
2020-12-06,2261,647,2860,31,0,16,1,646,1056,1684,13,1,0,4,855,386,1234,7,0,0,0,739,343,1042,30,0,3,7
2020-12-07,867,211,1072,1,0,0,5,0,0,0,0,0,0,0,0,0,0,0,0,0,0,0,0,0,0,0,0,0
2020-12-08,0,41,41,0,0,0,0,198,2152,2334,9,0,0,7,231,248,476,3,0,0,0,247,144,374,13,0,0,4
2020-12-09,770,202,955,17,0,0,0,223,2268,2483,6,0,0,2,259,271,526,4,0,0,0,154,123,266,11,0,0,0
2020-12-10,810,226,1025,11,0,0,0,449,2093,2530,7,0,0,5,235,273,506,0,2,0,0,161,138,292,3,0,0,4
2020-12-11,1387,254,1623,18,0,0,0,261,1971,2217,14,0,0,1,212,244,452,4,0,0,0,230,134,348,14,0,0,2
2020-12-12,2094,461,2507,35,4,0,9,457,847,1270,23,0,0,11,442,329,756,11,1,0,3,581,222,787,11,0,0,5
2020-12-13,2014,448,2407,30,1,4,20,501,787,1250,16,1,2,19,769,416,1159,24,0,1,1,888,347,1163,51,1,0,20
2020-12-14,460,81,527,10,0,0,4,0,0,0,0,0,0,0,0,0,0,0,0,0,0,0,0,0,0,0,0,0
2020-12-15,0,10,10,0,0,0,0,84,1029,1106,3,0,3,1,114,196,304,6,0,0,0,111,103,205,9,0,0,0
2020-12-16,488,98,578,8,0,0,0,62,1065,1121,4,0,0,2,79,137,213,3,0,0,0,77,83,153,0,0,1,6
2020-12-17,1486,127,1600,13,0,0,0,122,1329,1436,13,0,0,2,167,175,339,1,0,0,2,85,86,171,0,0,0,0
2020-12-18,1396,197,1561,16,5,0,11,180,1357,1519,13,0,0,5,197,265,460,0,0,0,2,1368,162,1518,6,2,0,4
2020-12-19,418,250,623,37,0,4,4,186,428,598,14,0,0,2,213,201,406,3,1,0,4,360,145,476,19,0,2,8
2020-12-20,526,312,813,18,0,5,2,228,562,778,4,0,0,8,258,272,523,6,0,0,1,357,189,519,22,0,0,5
2020-12-21,704,210,894,20,0,0,0,0,0,0,0,0,0,0,0,0,0,0,0,0,0,0,0,0,0,0,0,0
2020-12-22,0,11,11,0,0,0,0,252,1914,2143,20,0,1,2,248,280,516,12,0,0,0,239,175,373,28,0,0,13
2020-12-23,217,202,414,5,0,0,0,175,1852,2008,12,0,0,7,179,229,400,5,0,1,2,157,106,249,12,0,0,2
2020-12-24,276,230,497,9,0,0,0,246,1342,1575,8,0,0,5,188,251,437,2,0,0,0,252,126,372,6,0,0,0
2020-12-25,803,410,1193,18,2,0,0,601,1006,1589,15,0,0,3,430,315,741,4,0,0,0,608,252,835,11,0,0,14
2020-12-26,843,469,1264,45,0,0,3,502,1465,1930,27,0,0,10,473,383,848,1,0,0,7,692,279,931,33,0,0,7
2020-12-27,790,454,1201,14,2,6,21,451,822,1245,20,0,0,8,428,377,787,5,0,0,13,593,243,801,33,0,0,2
2020-12-28,419,317,718,18,0,0,0,0,0,0,0,0,0,0,0,0,0,0,0,0,0,0,0,0,0,0,0,0
2020-12-29,0,21,21,0,0,0,0,155,1442,1585,10,0,1,1,186,207,383,10,0,0,0,248,161,376,31,0,0,2
2020-12-30,0,335,320,11,0,0,4,0,1072,1054,18,0,0,0,0,398,392,0,0,0,6,46,337,374,9,0,0,0
2020-12-31,170,162,312,15,0,3,2,386,815,1195,5,0,0,1,118,155,271,2,0,0,0,145,73,205,9,0,0,4
